<Ui xmlns="http://www.blizzard.com/wow/ui/"
xmlns:xsi="http://www.w3.org/2001/XMLSchema-instance"
xsi:schemaLocation="http://www.blizzard.com/wow/ui/
..\..\FrameXML\UI.xsd">
  <Frame name="NeglectedGear_Frame">
    <Scripts>
      <OnLoad>
        NeglectedGear_OnLoad(self);
      </OnLoad>
      <OnEvent>
        NeglectedGear_OnEvent(self, event, ...);
      </OnEvent>
      <OnUpdate>
        NeglectedGear_OnUpdate(self, elapsed);
      </OnUpdate>
    </Scripts>
  </Frame>
</Ui> 


